﻿<?xml version="1.0" encoding="UTF-8"?><d>
<data><value><![CDATA[Parmi les animaux suivants, lequel peut se déplacer le plus rapidement ?]]></value><value><![CDATA[Le guépard est le plus rapide]]></value><value><![CDATA[Le chevreuil]]></value><value><![CDATA[*Le guépard]]></value><value><![CDATA[La tortue]]></value><value><![CDATA[Le léopard]]></value><value><![CDATA[Le tigre]]></value><value><![CDATA[Le lion]]></value><value><![CDATA[animaux]]></value><value><![CDATA[]]></value><value><![CDATA[]]></value><value><![CDATA[]]></value><value><![CDATA[]]></value><value><![CDATA[]]></value><value><![CDATA[]]></value></data>
<data><value><![CDATA[Quel est le double de 20 ?]]></value><value><![CDATA[40 est le double de 20]]></value><value><![CDATA[30]]></value><value><![CDATA[*40]]></value><value><![CDATA[50]]></value><value><![CDATA[60]]></value><value><![CDATA[70]]></value><value><![CDATA[80]]></value><value><![CDATA[mathématiques]]></value><value><![CDATA[]]></value><value><![CDATA[]]></value><value><![CDATA[]]></value><value><![CDATA[]]></value><value><![CDATA[]]></value><value><![CDATA[]]></value></data>
<data><value><![CDATA[Les hommes préhistoriques vivaient au ......]]></value><value><![CDATA[Paléolitique]]></value><value><![CDATA[Elastique]]></value><value><![CDATA[Néolithique]]></value><value><![CDATA[*Paléolitique]]></value><value><![CDATA[Chaud]]></value><value><![CDATA[Dogmotique]]></value><value><![CDATA[Népal]]></value><value><![CDATA[histoire]]></value><value><![CDATA[]]></value><value><![CDATA[]]></value><value><![CDATA[]]></value><value><![CDATA[]]></value><value><![CDATA[]]></value><value><![CDATA[]]></value></data>
<data><value><![CDATA[En antiquité quelle invention améliore le transport ?]]></value><value><![CDATA[La roue]]></value><value><![CDATA[Les toilettes]]></value><value><![CDATA[La voiture]]></value><value><![CDATA[La télévision]]></value><value><![CDATA[*La roue]]></value><value><![CDATA[Les chevaux]]></value><value><![CDATA[La radio]]></value><value><![CDATA[histoire]]></value><value><![CDATA[]]></value><value><![CDATA[]]></value><value><![CDATA[]]></value><value><![CDATA[]]></value><value><![CDATA[]]></value><value><![CDATA[]]></value></data>
<data><value><![CDATA[Donne le résultat de 9 X 5 ?]]></value><value><![CDATA[45]]></value><value><![CDATA[25]]></value><value><![CDATA[30]]></value><value><![CDATA[35]]></value><value><![CDATA[40]]></value><value><![CDATA[*45]]></value><value><![CDATA[50]]></value><value><![CDATA[calcul]]></value><value><![CDATA[]]></value><value><![CDATA[]]></value><value><![CDATA[]]></value><value><![CDATA[]]></value><value><![CDATA[]]></value><value><![CDATA[]]></value></data>
<data><value><![CDATA[Combien fait la moitié de 180 ?]]></value><value><![CDATA[90]]></value><value><![CDATA[80]]></value><value><![CDATA[*90]]></value><value><![CDATA[95]]></value><value><![CDATA[100]]></value><value><![CDATA[105]]></value><value><![CDATA[110]]></value><value><![CDATA[mathématiques]]></value><value><![CDATA[]]></value><value><![CDATA[]]></value><value><![CDATA[]]></value><value><![CDATA[]]></value><value><![CDATA[]]></value><value><![CDATA[]]></value></data>
<data><value><![CDATA[Quelle figure à 3 cotés ?]]></value><value><![CDATA[triangle]]></value><value><![CDATA[*triangle]]></value><value><![CDATA[Quadrilatère]]></value><value><![CDATA[Pentagone]]></value><value><![CDATA[Hexagone]]></value><value><![CDATA[Septagone]]></value><value><![CDATA[Octogone]]></value><value><![CDATA[géométrie]]></value><value><![CDATA[]]></value><value><![CDATA[]]></value><value><![CDATA[]]></value><value><![CDATA[]]></value><value><![CDATA[]]></value><value><![CDATA[]]></value></data>
<data><value><![CDATA[Quelle figure à 4 cotés ?]]></value><value><![CDATA[Quadrilatère]]></value><value><![CDATA[triangle]]></value><value><![CDATA[*Quadrilatère]]></value><value><![CDATA[Pentagone]]></value><value><![CDATA[Hexagone]]></value><value><![CDATA[Septagone]]></value><value><![CDATA[Octogone]]></value><value><![CDATA[géométrie]]></value><value><![CDATA[]]></value><value><![CDATA[]]></value><value><![CDATA[]]></value><value><![CDATA[]]></value><value><![CDATA[]]></value><value><![CDATA[]]></value></data>
<data><value><![CDATA[Quelle figure à 5 cotés ?]]></value><value><![CDATA[Pentagone]]></value><value><![CDATA[triangle]]></value><value><![CDATA[Quadrilatère]]></value><value><![CDATA[*Pentagone]]></value><value><![CDATA[Hexagone]]></value><value><![CDATA[Septagone]]></value><value><![CDATA[Octogone]]></value><value><![CDATA[géométrie]]></value><value><![CDATA[]]></value><value><![CDATA[]]></value><value><![CDATA[]]></value><value><![CDATA[]]></value><value><![CDATA[]]></value><value><![CDATA[]]></value></data>
<data><value><![CDATA[Quelle figure à 6 cotés ?]]></value><value><![CDATA[Hexagone]]></value><value><![CDATA[triangle]]></value><value><![CDATA[Quadrilatère]]></value><value><![CDATA[Pentagone]]></value><value><![CDATA[*Hexagone]]></value><value><![CDATA[Septagone]]></value><value><![CDATA[Octogone]]></value><value><![CDATA[géométrie]]></value><value><![CDATA[]]></value><value><![CDATA[]]></value><value><![CDATA[]]></value><value><![CDATA[]]></value><value><![CDATA[]]></value><value><![CDATA[]]></value></data>
<data><value><![CDATA[Quelle figure à 7 cotés ?]]></value><value><![CDATA[Septagone]]></value><value><![CDATA[triangle]]></value><value><![CDATA[Quadrilatère]]></value><value><![CDATA[Pentagone]]></value><value><![CDATA[Hexagone]]></value><value><![CDATA[*Septagone]]></value><value><![CDATA[Octogone]]></value><value><![CDATA[géométrie]]></value><value><![CDATA[]]></value><value><![CDATA[]]></value><value><![CDATA[]]></value><value><![CDATA[]]></value><value><![CDATA[]]></value><value><![CDATA[]]></value></data>
<data><value><![CDATA[Quelle figure à 8 cotés ?]]></value><value><![CDATA[Octogone]]></value><value><![CDATA[triangle]]></value><value><![CDATA[Quadrilatère]]></value><value><![CDATA[Pentagone]]></value><value><![CDATA[Hexagone]]></value><value><![CDATA[Septagone]]></value><value><![CDATA[*Octogone]]></value><value><![CDATA[géométrie]]></value><value><![CDATA[]]></value><value><![CDATA[]]></value><value><![CDATA[]]></value><value><![CDATA[]]></value><value><![CDATA[]]></value><value><![CDATA[]]></value></data>
<data><value><![CDATA[Je partage le segment en 2 partie égale, qui suis je ?]]></value><value><![CDATA[Millieu]]></value><value><![CDATA[Compas]]></value><value><![CDATA[Distance]]></value><value><![CDATA[Extremité]]></value><value><![CDATA[*Millieu]]></value><value><![CDATA[Point]]></value><value><![CDATA[Ligne]]></value><value><![CDATA[géométrie]]></value><value><![CDATA[]]></value><value><![CDATA[]]></value><value><![CDATA[]]></value><value><![CDATA[]]></value><value><![CDATA[]]></value><value><![CDATA[]]></value></data>
<data><value><![CDATA[5 cm et égal à combien de millimètres]]></value><value><![CDATA[50]]></value><value><![CDATA[5]]></value><value><![CDATA[*50]]></value><value><![CDATA[500]]></value><value><![CDATA[5000]]></value><value><![CDATA[50000]]></value><value><![CDATA[500000]]></value><value><![CDATA[mathématiques]]></value><value><![CDATA[]]></value><value><![CDATA[]]></value><value><![CDATA[]]></value><value><![CDATA[]]></value><value><![CDATA[]]></value><value><![CDATA[]]></value></data>
<data><value><![CDATA[Donne le résultat de 6 X 7 ?]]></value><value><![CDATA[42]]></value><value><![CDATA[36]]></value><value><![CDATA[38]]></value><value><![CDATA[40]]></value><value><![CDATA[*42]]></value><value><![CDATA[44]]></value><value><![CDATA[46]]></value><value><![CDATA[calcul]]></value><value><![CDATA[]]></value><value><![CDATA[]]></value><value><![CDATA[]]></value><value><![CDATA[]]></value><value><![CDATA[]]></value><value><![CDATA[]]></value></data>
<data><value><![CDATA[Pose et donne le résultat de 26 X 3 ?]]></value><value><![CDATA[78]]></value><value><![CDATA[72]]></value><value><![CDATA[74]]></value><value><![CDATA[76]]></value><value><![CDATA[*78]]></value><value><![CDATA[80]]></value><value><![CDATA[82]]></value><value><![CDATA[multiplication]]></value><value><![CDATA[]]></value><value><![CDATA[]]></value><value><![CDATA[]]></value><value><![CDATA[]]></value><value><![CDATA[]]></value><value><![CDATA[]]></value></data>
<data><value><![CDATA[Pose et donne le résultat de 26 X 4 ?]]></value><value><![CDATA[104]]></value><value><![CDATA[102]]></value><value><![CDATA[*104]]></value><value><![CDATA[106]]></value><value><![CDATA[108]]></value><value><![CDATA[110]]></value><value><![CDATA[112]]></value><value><![CDATA[multiplication]]></value><value><![CDATA[]]></value><value><![CDATA[]]></value><value><![CDATA[]]></value><value><![CDATA[]]></value><value><![CDATA[]]></value><value><![CDATA[]]></value></data>
<data><value><![CDATA[Quel est le satellite naturel de la terre ?]]></value><value><![CDATA[lune]]></value><value><![CDATA[ISS]]></value><value><![CDATA[neptune]]></value><value><![CDATA[uranus]]></value><value><![CDATA[saturne]]></value><value><![CDATA[soleil]]></value><value><![CDATA[*lune]]></value><value><![CDATA[espace]]></value><value><![CDATA[]]></value><value><![CDATA[]]></value><value><![CDATA[]]></value><value><![CDATA[]]></value><value><![CDATA[]]></value><value><![CDATA[]]></value></data>
<data><value><![CDATA[Je suis une très vaste étendue de terre entourée par les océans, qui suis je ?]]></value><value><![CDATA[Continent]]></value><value><![CDATA[Pays]]></value><value><![CDATA[*Continent]]></value><value><![CDATA[La mer]]></value><value><![CDATA[Un océan]]></value><value><![CDATA[Un village]]></value><value><![CDATA[Une ville]]></value><value><![CDATA[espace]]></value><value><![CDATA[]]></value><value><![CDATA[]]></value><value><![CDATA[]]></value><value><![CDATA[]]></value><value><![CDATA[]]></value><value><![CDATA[]]></value></data>
<data><value><![CDATA[Un mot de cette liste n'est pas un synonyme des autres. Lequel est-ce ?]]></value><value><![CDATA[Parler]]></value><value><![CDATA[Avaler]]></value><value><![CDATA[Manger]]></value><value><![CDATA[ Engouffrer]]></value><value><![CDATA[*Parler]]></value><value><![CDATA[Engloutir]]></value><value><![CDATA[Se nourrir]]></value><value><![CDATA[Francais]]></value><value><![CDATA[]]></value><value><![CDATA[]]></value><value><![CDATA[]]></value><value><![CDATA[]]></value><value><![CDATA[]]></value><value><![CDATA[]]></value></data>
<data><value><![CDATA["Quel préfixe utilise-t-on pour dire le contraire du mot ""content"" ?"]]></value><value><![CDATA[Mécontent]]></value><value><![CDATA[A]]></value><value><![CDATA[In]]></value><value><![CDATA[*Mé]]></value><value><![CDATA[Mal]]></value><value><![CDATA[De]]></value><value><![CDATA[Sur]]></value><value><![CDATA[Contraires]]></value><value><![CDATA[]]></value><value><![CDATA[]]></value><value><![CDATA[]]></value><value><![CDATA[]]></value><value><![CDATA[]]></value><value><![CDATA[]]></value></data>
<data><value><![CDATA["Trouvez le bon homonyme pour ""outil pour couper du bois ou du métal"" ?"]]></value><value><![CDATA[Scie]]></value><value><![CDATA[Si]]></value><value><![CDATA[Six]]></value><value><![CDATA[*Scie]]></value><value><![CDATA[Ci]]></value><value><![CDATA[]]></value><value><![CDATA[]]></value><value><![CDATA[Francais]]></value><value><![CDATA[]]></value><value><![CDATA[]]></value><value><![CDATA[]]></value><value><![CDATA[]]></value><value><![CDATA[]]></value><value><![CDATA[]]></value></data>
<data><value><![CDATA["La phrase ""Sophie ira à la mer dans deux mois"" est :"]]></value><value><![CDATA[Au futur]]></value><value><![CDATA[Au passé]]></value><value><![CDATA[Au présent]]></value><value><![CDATA[*Au futur]]></value><value><![CDATA[A l'imparfait]]></value><value><![CDATA[]]></value><value><![CDATA[]]></value><value><![CDATA[Francais]]></value><value><![CDATA[]]></value><value><![CDATA[]]></value><value><![CDATA[]]></value><value><![CDATA[]]></value><value><![CDATA[]]></value><value><![CDATA[]]></value></data>
<data><value><![CDATA["Quel préfixe utilise-t-on pour dire le contraire du mot ""correct"" ?"]]></value><value><![CDATA[Incorrect]]></value><value><![CDATA[A]]></value><value><![CDATA[*In]]></value><value><![CDATA[Mé]]></value><value><![CDATA[Mal]]></value><value><![CDATA[Dé]]></value><value><![CDATA[Sur]]></value><value><![CDATA[Contraires]]></value><value><![CDATA[]]></value><value><![CDATA[]]></value><value><![CDATA[]]></value><value><![CDATA[]]></value><value><![CDATA[]]></value><value><![CDATA[]]></value></data>
<data><value><![CDATA["Quel préfixe utilise-t-on pour dire le contraire du mot ""visser"" ?"]]></value><value><![CDATA[Dévisser]]></value><value><![CDATA[A]]></value><value><![CDATA[In]]></value><value><![CDATA[Mé]]></value><value><![CDATA[Mal]]></value><value><![CDATA[*Dé]]></value><value><![CDATA[Sur]]></value><value><![CDATA[Contraires]]></value><value><![CDATA[]]></value><value><![CDATA[]]></value><value><![CDATA[]]></value><value><![CDATA[]]></value><value><![CDATA[]]></value><value><![CDATA[]]></value></data>
<data><value><![CDATA["Quel préfixe utilise-t-on pour dire le contraire du mot ""lisible"" ?"]]></value><value><![CDATA[Illisible]]></value><value><![CDATA[*Il]]></value><value><![CDATA[In]]></value><value><![CDATA[Mé]]></value><value><![CDATA[Mal]]></value><value><![CDATA[Dé]]></value><value><![CDATA[Sur]]></value><value><![CDATA[Contraires]]></value><value><![CDATA[]]></value><value><![CDATA[]]></value><value><![CDATA[]]></value><value><![CDATA[]]></value><value><![CDATA[]]></value><value><![CDATA[]]></value></data>
<data><value><![CDATA[Isabelle a 92 billes, elle en perd 24 et en gagne 35, combien lui en reste-t-il ?]]></value><value><![CDATA[103]]></value><value><![CDATA[110]]></value><value><![CDATA[*103]]></value><value><![CDATA[98]]></value><value><![CDATA[104]]></value><value><![CDATA[112]]></value><value><![CDATA[120]]></value><value><![CDATA[mathématiques]]></value><value><![CDATA[]]></value><value><![CDATA[]]></value><value><![CDATA[]]></value><value><![CDATA[]]></value><value><![CDATA[]]></value><value><![CDATA[]]></value></data>
<data><value><![CDATA[Je pars à l'ecole à 8h 20, je rentre à 18h30, combien suis-je resté a l'école ?]]></value><value><![CDATA[10h00]]></value><value><![CDATA[8h00]]></value><value><![CDATA[9h00]]></value><value><![CDATA[*10h00]]></value><value><![CDATA[11h00]]></value><value><![CDATA[12h00]]></value><value><![CDATA[24h00]]></value><value><![CDATA[mathématiques]]></value><value><![CDATA[]]></value><value><![CDATA[]]></value><value><![CDATA[]]></value><value><![CDATA[]]></value><value><![CDATA[]]></value><value><![CDATA[]]></value></data>
<data><value><![CDATA[Que fait 1200 g en kg ?]]></value><value><![CDATA[1 kg 200]]></value><value><![CDATA[1200 kg]]></value><value><![CDATA[*1 kg 200]]></value><value><![CDATA[1 kg 600]]></value><value><![CDATA[2 kg]]></value><value><![CDATA[3 kg 200]]></value><value><![CDATA[4 kg]]></value><value><![CDATA[mathématiques]]></value><value><![CDATA[]]></value><value><![CDATA[]]></value><value><![CDATA[]]></value><value><![CDATA[]]></value><value><![CDATA[]]></value><value><![CDATA[]]></value></data>
<data><value><![CDATA[En quelle année Jésus-Christ est il né ?]]></value><value><![CDATA[En l'an 1]]></value><value><![CDATA[En l'an 0]]></value><value><![CDATA[*En l'an 1]]></value><value><![CDATA[En l'an 2]]></value><value><![CDATA[En l'an 3]]></value><value><![CDATA[En l'an 4]]></value><value><![CDATA[En l'an 5]]></value><value><![CDATA[histoire]]></value><value><![CDATA[]]></value><value><![CDATA[]]></value><value><![CDATA[]]></value><value><![CDATA[]]></value><value><![CDATA[]]></value><value><![CDATA[]]></value></data>
<data><value><![CDATA[En combien de temps la terre fait-elle un tour entier du soleil ?]]></value><value><![CDATA[ En 365 jours]]></value><value><![CDATA[ En 363 jours]]></value><value><![CDATA[*En 365 jours]]></value><value><![CDATA[En 367 jours]]></value><value><![CDATA[En 369 jours]]></value><value><![CDATA[En 375 jours]]></value><value><![CDATA[En 300 jours]]></value><value><![CDATA[géographie]]></value><value><![CDATA[]]></value><value><![CDATA[]]></value><value><![CDATA[]]></value><value><![CDATA[]]></value><value><![CDATA[]]></value><value><![CDATA[]]></value></data>
<data><value><![CDATA[Combien font 86 + 17 - 31 = ?]]></value><value><![CDATA[72]]></value><value><![CDATA[71]]></value><value><![CDATA[*72]]></value><value><![CDATA[73]]></value><value><![CDATA[74]]></value><value><![CDATA[75]]></value><value><![CDATA[76]]></value><value><![CDATA[Problème]]></value><value><![CDATA[]]></value><value><![CDATA[]]></value><value><![CDATA[]]></value><value><![CDATA[]]></value><value><![CDATA[]]></value><value><![CDATA[]]></value></data>
<data><value><![CDATA[Jules César est un ....]]></value><value><![CDATA[romain]]></value><value><![CDATA[gaulois]]></value><value><![CDATA[ottoman]]></value><value><![CDATA[*romain]]></value><value><![CDATA[viking]]></value><value><![CDATA[grec]]></value><value><![CDATA[belge]]></value><value><![CDATA[histoire]]></value><value><![CDATA[]]></value><value><![CDATA[]]></value><value><![CDATA[]]></value><value><![CDATA[]]></value><value><![CDATA[]]></value><value><![CDATA[]]></value></data>
<data><value><![CDATA[Comment s'appelle la Gaule à l'heure actuelle ?]]></value><value><![CDATA[La France]]></value><value><![CDATA[La Suède]]></value><value><![CDATA[*La France]]></value><value><![CDATA[La Russie]]></value><value><![CDATA[L'Espagne]]></value><value><![CDATA[Les états Unis]]></value><value><![CDATA[L'allemagne]]></value><value><![CDATA[histoire]]></value><value><![CDATA[]]></value><value><![CDATA[]]></value><value><![CDATA[]]></value><value><![CDATA[]]></value><value><![CDATA[]]></value><value><![CDATA[]]></value></data>
<data><value><![CDATA[Le soleil est une .......]]></value><value><![CDATA[Etoile]]></value><value><![CDATA[Lune]]></value><value><![CDATA[*Etoile]]></value><value><![CDATA[Planète]]></value><value><![CDATA[Astéroide]]></value><value><![CDATA[Pierre]]></value><value><![CDATA[Boule]]></value><value><![CDATA[sciences]]></value><value><![CDATA[]]></value><value><![CDATA[]]></value><value><![CDATA[]]></value><value><![CDATA[]]></value><value><![CDATA[]]></value><value><![CDATA[]]></value></data>
<data><value><![CDATA[Que mange le gorille ?]]></value><value><![CDATA[Des insectes et de plantes]]></value><value><![CDATA[Des chips et du coca]]></value><value><![CDATA[*Des insectes et de plantes]]></value><value><![CDATA[De la viande et des fruits]]></value><value><![CDATA[Des avocats]]></value><value><![CDATA[Des pierres]]></value><value><![CDATA[Du foin]]></value><value><![CDATA[animaux]]></value><value><![CDATA[]]></value><value><![CDATA[]]></value><value><![CDATA[]]></value><value><![CDATA[]]></value><value><![CDATA[]]></value><value><![CDATA[]]></value></data>
<data><value><![CDATA[Combien de pattes possèdent les insectes ?]]></value><value><![CDATA[6]]></value><value><![CDATA[4]]></value><value><![CDATA[5]]></value><value><![CDATA[*6]]></value><value><![CDATA[7]]></value><value><![CDATA[8]]></value><value><![CDATA[9]]></value><value><![CDATA[animaux]]></value><value><![CDATA[]]></value><value><![CDATA[]]></value><value><![CDATA[]]></value><value><![CDATA[]]></value><value><![CDATA[]]></value><value><![CDATA[]]></value></data>
<data><value><![CDATA[Que sont en fait les défenses de l'éléphant ?]]></value><value><![CDATA[Des dents]]></value><value><![CDATA[*Des dents]]></value><value><![CDATA[Des griffes]]></value><value><![CDATA[Des os]]></value><value><![CDATA[Des cheveux]]></value><value><![CDATA[Des bras]]></value><value><![CDATA[Des cornes]]></value><value><![CDATA[éléphants]]></value><value><![CDATA[]]></value><value><![CDATA[]]></value><value><![CDATA[]]></value><value><![CDATA[]]></value><value><![CDATA[]]></value><value><![CDATA[]]></value></data>
<data><value><![CDATA[Combien une étoile de mer a-t-elle habituellement de bras ?]]></value><value><![CDATA[5 bras]]></value><value><![CDATA[3]]></value><value><![CDATA[4]]></value><value><![CDATA[*5]]></value><value><![CDATA[6]]></value><value><![CDATA[7]]></value><value><![CDATA[8]]></value><value><![CDATA[animaux]]></value><value><![CDATA[]]></value><value><![CDATA[]]></value><value><![CDATA[]]></value><value><![CDATA[]]></value><value><![CDATA[]]></value><value><![CDATA[]]></value></data>
<data><value><![CDATA[Comment appelle-t-on également les bois du cerf ?]]></value><value><![CDATA[Les andouillers]]></value><value><![CDATA[*Les andouillers]]></value><value><![CDATA[Les cornes]]></value><value><![CDATA[Les défenses]]></value><value><![CDATA[Les branches]]></value><value><![CDATA[Les cheveux]]></value><value><![CDATA[Les pattes]]></value><value><![CDATA[animaux]]></value><value><![CDATA[]]></value><value><![CDATA[]]></value><value><![CDATA[]]></value><value><![CDATA[]]></value><value><![CDATA[]]></value><value><![CDATA[]]></value></data>
<data><value><![CDATA[De quelle famille fait partie l'okapi ?]]></value><value><![CDATA[girafes]]></value><value><![CDATA[cheval]]></value><value><![CDATA[antilopes]]></value><value><![CDATA[µgirafes]]></value><value><![CDATA[cerfs]]></value><value><![CDATA[cochons]]></value><value><![CDATA[koalas]]></value><value><![CDATA[animaux]]></value><value><![CDATA[]]></value><value><![CDATA[]]></value><value><![CDATA[]]></value><value><![CDATA[]]></value><value><![CDATA[]]></value><value><![CDATA[]]></value></data>
<data><value><![CDATA[Quelle est la particularité des oiseaux de la famille des colibris ?]]></value><value><![CDATA[Ils peuvent voler sur place]]></value><value><![CDATA[Ils savent parler]]></value><value><![CDATA[*Ils peuvent voler sur place]]></value><value><![CDATA[ils ne volent pas]]></value><value><![CDATA[Ils courent vite]]></value><value><![CDATA[]]></value><value><![CDATA[]]></value><value><![CDATA[oiseaux]]></value><value><![CDATA[]]></value><value><![CDATA[]]></value><value><![CDATA[]]></value><value><![CDATA[]]></value><value><![CDATA[]]></value><value><![CDATA[]]></value></data>
<data><value><![CDATA[Lequel de ces animaux n'existe pas?]]></value><value><![CDATA[La souris verte]]></value><value><![CDATA[La panthère noire]]></value><value><![CDATA[Le dauphin rose]]></value><value><![CDATA[L'éléphant blanc]]></value><value><![CDATA[*La souris verte]]></value><value><![CDATA[]]></value><value><![CDATA[]]></value><value><![CDATA[intrus]]></value><value><![CDATA[]]></value><value><![CDATA[]]></value><value><![CDATA[]]></value><value><![CDATA[]]></value><value><![CDATA[]]></value><value><![CDATA[]]></value></data>
<data><value><![CDATA[Où vit l'ours blanc ?]]></value><value><![CDATA[Au pôle nord]]></value><value><![CDATA[Au pôle sud]]></value><value><![CDATA[*Au pôle nord]]></value><value><![CDATA[Au pôle est]]></value><value><![CDATA[Au pôle ouest]]></value><value><![CDATA[]]></value><value><![CDATA[]]></value><value><![CDATA[géographie]]></value><value><![CDATA[]]></value><value><![CDATA[]]></value><value><![CDATA[]]></value><value><![CDATA[]]></value><value><![CDATA[]]></value><value><![CDATA[]]></value></data>
<data><value><![CDATA[Combien pèse un éléphant?]]></value><value><![CDATA[5000 kg]]></value><value><![CDATA[50 kg]]></value><value><![CDATA[500 kg]]></value><value><![CDATA[*5000 kg]]></value><value><![CDATA[50000 kg]]></value><value><![CDATA[55000 kg]]></value><value><![CDATA[60000 kg]]></value><value><![CDATA[éléphants]]></value><value><![CDATA[]]></value><value><![CDATA[]]></value><value><![CDATA[]]></value><value><![CDATA[]]></value><value><![CDATA[]]></value><value><![CDATA[]]></value></data>
<data><value><![CDATA[De quel animal la taupe dorée est-elle une cousine éloignée?]]></value><value><![CDATA[de l'éléphant]]></value><value><![CDATA[ de la taupe]]></value><value><![CDATA[du coq doré]]></value><value><![CDATA[ du rat-taupe]]></value><value><![CDATA[*de l'éléphant]]></value><value><![CDATA[de la girafe]]></value><value><![CDATA[du singe]]></value><value><![CDATA[éléphants]]></value><value><![CDATA[]]></value><value><![CDATA[]]></value><value><![CDATA[]]></value><value><![CDATA[]]></value><value><![CDATA[]]></value><value><![CDATA[]]></value></data>
<data><value><![CDATA[Quelle est la particularité du lézard appelé basilic vert?]]></value><value><![CDATA[il peut marcher sur l'eau]]></value><value><![CDATA[il peut voler]]></value><value><![CDATA[*il peut marcher sur l'eau]]></value><value><![CDATA[il peut parler]]></value><value><![CDATA[il peut changer les gens en pierre]]></value><value><![CDATA[il pète dans l'eau]]></value><value><![CDATA[il prend feu au soleil]]></value><value><![CDATA[étonnant]]></value><value><![CDATA[]]></value><value><![CDATA[]]></value><value><![CDATA[]]></value><value><![CDATA[]]></value><value><![CDATA[]]></value><value><![CDATA[]]></value></data>
<data><value><![CDATA[Combien un cheval a-t-il de doigts à chaque patte?]]></value><value><![CDATA[1]]></value><value><![CDATA[*1]]></value><value><![CDATA[2]]></value><value><![CDATA[3]]></value><value><![CDATA[4]]></value><value><![CDATA[5]]></value><value><![CDATA[6]]></value><value><![CDATA[étonnant]]></value><value><![CDATA[]]></value><value><![CDATA[]]></value><value><![CDATA[]]></value><value><![CDATA[]]></value><value><![CDATA[]]></value><value><![CDATA[]]></value></data>
<data><value><![CDATA[Quelle est la particularité de la blatte de Madagascar?]]></value><value><![CDATA[Elle peut siffler]]></value><value><![CDATA[*Elle peut siffler]]></value><value><![CDATA[ Elle est carnivore]]></value><value><![CDATA[Elle ne pond pas d’œufs]]></value><value><![CDATA[Elle peut changer de couleur]]></value><value><![CDATA[elle pète dans l'eau]]></value><value><![CDATA[elle prend feu au soleil]]></value><value><![CDATA[étonnant]]></value><value><![CDATA[]]></value><value><![CDATA[]]></value><value><![CDATA[]]></value><value><![CDATA[]]></value><value><![CDATA[]]></value><value><![CDATA[]]></value></data>
</d>