﻿<?xml version="1.0" encoding="UTF-8"?><d>
<fond><data><![CDATA[images/fond-white.png]]></data></fond>
<prefond><data><![CDATA[images/2017x2017x6x8x16x58x52xjeutele.jpg]]></data></prefond>
<title><n>9</n><data><![CDATA[]]></data></title>
<transition><data><![CDATA[Direct]]></data></transition>
<messagefalse><data><![CDATA[Réponse incorrecte !]]></data></messagefalse>
<scriptdiapo><data><![CDATA[]]></data></scriptdiapo>
<scriptloop><data><![CDATA[]]></data></scriptloop>
<nbpages><data>12</data></nbpages>
<domainesliste><data><![CDATA[General||||||||||||||||||||]]></data></domainesliste>
<bq><d></d></bq>
<pq><d>1</d></pq>
<pddf><ddf>0</ddf></pddf>
<swt><d>0</d></swt>
<progsave><d></d></progsave>
<cadre><data>0</data></cadre>
<header><data>0</data></header>
<footer><data>0</data></footer>
<tunik><d>0</d></tunik>
<bloc><type>img</type>
<src>images/2017x2017x6x1x9x58x45xbullebase.png</src>
<ids></ids><st></st><x>-1</x><y>-1</y><w>300</w><h>220</h><o>0</o><o2>0</o2><acl>0</acl><an>1</an><de>0</de><di>0</di><dedi>0</dedi>
<cssadd></cssadd>
<ind>1</ind>
<field1></field1>
<field2></field2>
<contenu7>images/2017x2017x6x1x9x58x54xbullebase.svg</contenu7>
</bloc>
<bloc><type>text</type><fontsize>20</fontsize><ids></ids><st></st><x>16</x><y>48</y><w>270</w><h>122</h><o>0</o><o2>0</o2><acl>0</acl><an>1</an><de>0</de><di>0</di><dedi>0</dedi><text><![CDATA[<p>Double cliquer ici pour modifier votre texte !</p>]]></text><color>#000000</color><align>Fit</align>
<css>border: solid 0px #808080;</css><ind>1</ind></bloc><bloc><type>button</type>
<url>data/page10.xml</url>
<fontsize>15</fontsize>
<ids></ids><st></st><x>777</x><y>653</y><w>156</w><h>34</h><o>0</o><o2>0</o2><acl>0</acl><boite>neoCssGray</boite><an>1</an><de>0</de><di>0</di><dedi>0</dedi><domaine>0</domaine>
<text><![CDATA[Suite]]></text>
<contenu5>1</contenu5>
<color>#808080</color>
<ind>3</ind>
</bloc>
</d>