﻿<?xml version="1.0" encoding="UTF-8"?><d>
<fond><data><![CDATA[images/fond-white.png]]></data></fond>
<title><n>6</n><data><![CDATA[]]></data></title>
<transition><data><![CDATA[Direct]]></data></transition>
<messagefalse><data><![CDATA[Réponse incorrecte !]]></data></messagefalse>
<scriptdiapo><data><![CDATA[]]></data></scriptdiapo>
<scriptloop><data><![CDATA[]]></data></scriptloop>
<nbpages><data>12</data></nbpages>
<domainesliste><data><![CDATA[General||||||||||||||||||||]]></data></domainesliste>
<bq><d></d></bq>
<pq><d>1</d></pq>
<pddf><ddf>0</ddf></pddf>
<swt><d>0</d></swt>
<progsave><d></d></progsave>
<cadre><data>0</data></cadre>
<header><data>0</data></header>
<footer><data>0</data></footer>
<tunik><d>0</d></tunik>
<bloc><type>videodistante</type>
<data><![CDATA[<iframe  class="genframeludiscape" width="videow" height="videoh" src="http://www.youtube.com/embed/Qx0LEYSLf7g" frameborder="0" allowfullscreen></iframe>]]></data>
<text></text>
<fontsize>5</fontsize>
<color>black</color>
<ids></ids><st></st><x>264</x><y>146</y><w>400</w><h>320</h><o>0</o><o2>1</o2><acl>0</acl><an>0</an><de>0</de><di>0</di><dedi>0</dedi><domaine>0</domaine>
<ind>1</ind>
<src></src>
</bloc>
</d>