﻿<?xml version="1.0" encoding="UTF-8"?><d>
<fond><data><![CDATA[images/fond-white.png]]></data></fond>
<title><n>1</n><data><![CDATA[]]></data></title>
<transition><data><![CDATA[Direct]]></data></transition>
<messagefalse><data><![CDATA[Réponse incorrecte !]]></data></messagefalse>
<scriptdiapo><data><![CDATA[]]></data></scriptdiapo>
<scriptloop><data><![CDATA[]]></data></scriptloop>
<nbpages><data>12</data></nbpages>
<domainesliste><data><![CDATA[General||||||||||||||||||||]]></data></domainesliste>
<bq><d></d></bq>
<pq><d>1</d></pq>
<pddf><ddf>0</ddf></pddf>
<swt><d>0</d></swt>
<progsave><d></d></progsave>
<cadre><data>0</data></cadre>
<header><data>0</data></header>
<footer><data>0</data></footer>
<tunik><d>0</d></tunik>
<bloc><type>plugin-lependuanimate</type>
<fontsize>30</fontsize>
<ids></ids><st></st><x>0</x><y>0</y><w>450</w><h>450</h><o>0</o><o2>0</o2><acl>0</acl><an>1</an><de>0</de><di>0</di><dedi>0</dedi><domaine>0</domaine>
<text><![CDATA[]]></text>
<src><![CDATA[azb3412017quj796lependuanimatescreen.jpg]]></src>
<data>azb3412017quj796lependuanimatescreen.jpg</data>
<color>#000000</color>
<align>Center</align>
<css>border: solid 0px #808080;</css>
<ind>1</ind>
<field1></field1>
<field2></field2>
<field3></field3>
<field4></field4>
<contenu2></contenu2>
<contenu6>True</contenu6>
</bloc>
<bloc><type>button</type>
<fontsize>15</fontsize>
<ids></ids><st><![CDATA[ onMouseDown="LUDI.nextPage();LUDI.waitReset();" ]]></st><x>777</x><y>653</y><w>156</w><h>34</h><o>0</o><o2>0</o2><acl>0</acl><boite>neoCssGray</boite><an>1</an><de>0</de><di>0</di><dedi>0</dedi><domaine>0</domaine>
<text><![CDATA[Suite]]></text>
<contenu5>1</contenu5>
<color>#808080</color>
<ind>3</ind>
</bloc>
</d>